{"cameraMode":{"drawMode":0,"name":"Shaded","section":"Shading Mode"},"sceneLighting":true,"audioPlay":false,"sceneViewState":{"m_AlwaysRefresh":false,"showFog":true,"showSkybox":true,"showFlares":true,"showImageEffects":true,"showParticleSystems":true,"showVisualEffectGraphs":true,"m_FxEnabled":true},"in2DMode":false,"pivot":{"x":1.8350505828857422,"y":1.2458319664001465,"z":0.7244234085083008},"rotation":{"x":-0.2031594216823578,"y":-0.015570368617773056,"z":0.0032311752438545229,"w":-0.9790173768997192},"size":6.677797317504883,"orthographic":false}